{"MB0": 45.14060958136113, "MA0": 45.333518285579714, "MA1": 45.7433290978399, "MB1": 44.218551461245234, "PB1": 39.94343649450727, "PB0": 39.71442875475633, "PA0": 40.34041994152357, "PA1": 39.58358571527747}