{"PA0": 41.80236435308065, "PB1": 39.86575800815354, "MA1": 47.141041931385004, "MB0": 43.946101977375555, "PB0": 37.04890528895938, "MB1": 45.61626429479034, "PA1": 39.51093550770768, "MA0": 48.96798743705049}